city_name,comfort_index,population,federal_district
Сочи,85.61029009304872,400000,Южный
Санкт-Петербург,78.58784893267652,5400000,Северо-Западный
Москва,78.14997263273125,13000000,Центральный
Казань,75.31472359058566,1250000,Приволжский
Новосибирск,74.11056376573617,1600000,Сибирский
