federal_district,temperature_max,comfort_index
Южный,18.33182813355227,85.61029009304872
Северо-Западный,9.335659551176793,78.58784893267652
Центральный,10.129447181171319,78.14997263273125
Приволжский,8.863574165298303,75.31472359058566
Сибирский,6.656677613574165,74.11056376573617
